<?xml version="1.0" encoding="utf-8"?>
<prefix name="iisaudio" label="iisaudio" language_tag="en" language_label="English">
    <key name="index_page_heading">
	<value>Audio</value>
    </key>
    <key name="index_page_title">
	<value>Audio</value>
    </key>  
    <key name="main_menu_item">
        <value>Audio</value>
    </key>
    <key name="database_record_deleted">
        <value>Audio Removed</value>
    </key>
    <key name="delete_item_warning">
        <value>Are You Sure to Delete This Audio?</value>
    </key>
    <key name="delete_audio_item">
        <value>Remove</value>
    </key>
    <key name="Audio_inserterd">
        <value>Audio Inserterd Successfully</value>
    </key>
    <key name="feed_item_line">
        <value>Inserted New Audio file</value>
    </key>
    <key name="Audio_not_inserterd">
        <value>Audio Was Not Inserterd</value>
    </key>
    <key name="description_audio_page">
        <value>List of Your Audios</value>
    </key>
    <key name="audio_creator">
        <value>By:</value>
    </key>
    <key name="audionamefield">
        <value>Audio Name:</value>
    </key>
    <key name="floatboxname">
        <value>Audio Recorder</value>
    </key>
    <key name="Record">
        <value>Record</value>
    </key>
    <key name="Pause">
        <value>Stop</value>
    </key>
    <key name="Recording">
        <value>Recording...</value>
    </key>
    <key name="Converting">
        <value>Saving.Please wait...</value>
    </key>

</prefix>
