<?xml version="1.0" encoding="utf-8"?>
<prefix name="iisphotoplus" label="iisphotoplus" language_tag="en" language_label="English">
    <key name="photo_friends">
        <value>
            photo of friends
        </value>
    </key>
    <key name="meta_description_photo_friends">
        <value>
            You can see photos of your friend here.
        </value>
    </key>
    <key name="meta_title_photo_add_friends">
        <value>
            photo of friends
        </value>
    </key>
	<key name="latest_publicphoto">
        <value>
             public photos
        </value>
    </key>
	<key name="meta_title_photo_add_publicphoto">
        <value>
            public photos
        </value>
    </key>
	<key name="meta_description_photo_publicphoto">
        <value>
             You can see public photos here.
        </value>
    </key>
    <key name="meta_title_photo_latest">
        <value>Friends photos - {$site_name}</value>
    </key>
</prefix>
