<?xml version="1.0" encoding="utf-8"?>
<prefix name="video" label="Video" language_tag="fa-IR" language_label="فارسی">
    <key name="activity_string">
        <value>
            &lt;a href="{$userUrl}"&gt;{$user}&lt;/a&gt; اضافه کرده ویدیو جدید: &lt;a href="{$url}"&gt;{$clipTitle}&lt;/a&gt;
        </value>
    </key>
    <key name="added">
        <value>
            ایجاد شده در
        </value>
    </key>
    <key name="add_new">
        <value>
            اضافه‌سازی ویدیو
        </value>
    </key>
    <key name="admin_config">
        <value>
            تنظیمات افزونه ویدیو
        </value>
    </key>
    <key name="admin_menu_general">
        <value>
            عمومی
        </value>
    </key>
    <key name="auth_action_label_add">
        <value>
            افزودن ویدیو
        </value>
    </key>
    <key name="auth_action_label_add_comment">
        <value>
            نظردادن برروی ویدیو
        </value>
    </key>
    <key name="auth_action_label_delete_comment_by_content_owner">
        <value>
            نویسنده مطلب می‌تواند نظرات را پاک کند.
        </value>
    </key>
    <key name="auth_action_label_view">
        <value>
            مشاهده ویدیو
        </value>
    </key>
    <key name="auth_add_permissions">
        <value>
            شما به دلیل محدودیت‌های دسترسی، مجاز به افزودن ویدیو نیستید
        </value>
    </key>
    <key name="auth_group_label">
        <value>
            ویدیو
        </value>
    </key>
    <key name="auth_view_permissions">
        <value>
            شما مجاز به مشاهده ویدیو نیستید
        </value>
    </key>
    <key name="btn_add">
        <value>
            افزودن
        </value>
    </key>
    <key name="btn_edit">
        <value>
            ذخیره کردن
        </value>
    </key>
    <key name="clips_by">
        <value>
            ویدیو توسط
        </value>
    </key>
    <key name="clip_added">
        <value>ویدیو افزوده شد</value>
    </key>
    <key name="clip_add_string">
        <value>افزودن ویدیو جدید</value>
    </key>
    <key name="clip_deleted">
        <value>ویدیو پاک شده است</value>
    </key>
    <key name="clip_edited_string">
        <value>ویرایش ویدیو</value>
    </key>
    <key name="clip_not_deleted">
        <value>
            ویدیو حذف نشده
        </value>
    </key>
    <key name="clip_updated">
        <value>ویدیو به‌روزرساني شد</value>
    </key>
    <key name="cmp_widget_user_video_show_titles">
        <value>نمايش عناوین ویدیو</value>
    </key>
    <key name="cmp_widget_video_count">
        <value>
            تعداد ویدیوها برای نمایش
        </value>
    </key>
    <key name="cmp_widget_video_count_msg">
        <value>از یک عدد بین 1 تا 20 استفاده کنید</value>
    </key>
    <key name="code">
        <value>کد نمایش</value>
    </key>
    <key name="code_desc">
        <value>از کد نمایش وب‌گاه‌های منبع فیلم مانند آپارات، یوتیوب، گوگل ویدیو و غیره استفاده کنید.</value>
    </key>
    <key name="comment_activity_string">
        <value>&lt;a href="{$commentorUrl}"&gt;{$commentor}&lt;/a&gt; نظری گذاشته در &lt;a href="{$ownerUrl}"&gt;{$owner}&lt;/a&gt;
            ویدیو: &lt;a href="{$url}"&gt;{$title}&lt;/a&gt;</value>
    </key>
    <key name="confirm_delete">
        <value>آیا از حذف این ویدیو اطمینان دارید؟</value>
    </key>
    <key name="content_video_group_label">
        <value>ویدیوها</value>
    </key>
    <key name="content_video_label">
        <value>ویدیوها</value>
    </key>
    <key name="description">
        <value>شرح</value>
    </key>
    <key name="description_desc">
        <value>شرح کوتاه از این ویدیو</value>
    </key>
    <key name="email_notifications_comment">
        <value>&lt;a href="{$userUrl}"&gt;{$userName}&lt;/a&gt; برای ویدیو شما نظر داده: &lt;a href="{$videoUrl}"&gt;{$videoTitle}&lt;/a&gt;</value>
    </key>
    <key name="email_notifications_section_label">
        <value>ویدیو</value>
    </key>
    <key name="email_notifications_setting_comment">
        <value>کسی بر روی ویدیو من نظر داد</value>
    </key>
    <key name="feed_activity_owner_video_like">
        <value>ویدیو را می‌پسندد.</value>
    </key>
    <key name="feed_activity_owner_video_string">
        <value>برای ویدیو نظر داد</value>
    </key>
    <key name="feed_activity_video_string">
        <value>بر روی ویدیو {$user} نظر داد</value>
    </key>
    <key name="feed_activity_video_string_like">
        <value>ویدیو {$user} را می‌پسندد</value>
    </key>
    <key name="feed_content_label">
        <value>ویدیو</value>
    </key>
    <key name="flags">
        <value>ویدیو</value>
    </key>
    <key name="mark_featured">
        <value>نشانه گذاری به عنوان ویژه</value>
    </key>
    <key name="menu_featured">
        <value>ویژه‌ها</value>
    </key>
    <key name="menu_latest">
        <value>آخرین‌های عمومی</value>
    </key>
    <key name="menu_tagged">
        <value>مرور به‌وسیله برچسب</value>
    </key>
    <key name="menu_toprated">
        <value>بیشترین امتیاز</value>
    </key>
    <key name="meta_description_user_video">
        <value>ویدیوهای ارسال شده به وسیله کاربر {$displayName}</value>
    </key>
    <key name="meta_description_video_add">
        <value>در {$site_name} یک ویدیو جدید اضافه کنید</value>
    </key>
    <key name="meta_description_video_featured">
        <value>بهترین ویدیوها در {$site_name} انتخاب کارکنان!</value>
    </key>
    <key name="meta_description_video_latest">
        <value>ویدیوهای ارسال شده اخیر در {$site_name}.</value>
    </key>
    <key name="meta_description_video_tagged">
        <value>فیلم‌ها توسط کلمات کلیدی : {$topTags}, و غیره.</value>
    </key>
    <key name="meta_description_video_tagged_as">
        <value>مرور فیلم‌های برچسب گذاشته شده به عنوان {$tag}.</value>
    </key>
    <key name="meta_description_video_toprated">
        <value>
            ویدیوهای ارسال شده توسط کاربران در {$site_name} با بالاترین امتیازدهی.
        </value>
    </key>
    <key name="meta_description_video_view">
        <value>ویدیو نام‌گذاری شده «{$title}»، منطبق با برچسب {$tags}.</value>
    </key>
    <key name="meta_title_user_video">
        <value>ویدیوهای {$displayName} - {$site_name}</value>
    </key>
    <key name="meta_title_video_add">
        <value>افزودن ویدیو جدید</value>
    </key>
    <key name="meta_title_video_featured">
        <value>ویدیوهای ویژه - {$site_name}</value>
    </key>
    <key name="meta_title_video_latest">
        <value>جدیدترین ویدیوها - {$site_name}</value>
    </key>
    <key name="meta_title_video_tagged">
        <value>مرور فیلم‌ها بر اساس برچسب - {$site_name}</value>
    </key>
    <key name="meta_title_video_tagged_as">
        <value>{$tag} ویدیوها - {$site_name}</value>
    </key>
    <key name="meta_title_video_toprated">
        <value>ویدیوهای برتر - {$site_name}</value>
    </key>
    <key name="meta_title_video_view">
        <value>{$title} - ویدیو در {$site_name}</value>
    </key>
    <key name="my_video">
        <value>ويدیو من</value>
    </key>
    <key name="no_video">
        <value>ویدیو موجود نیست</value>
    </key>
    <key name="no_video_found">
        <value>موردی موجود نیست</value>
    </key>
    <key name="other_video">
        <value>سایر ویدیوهای کاربر</value>
    </key>
    <key name="page_title_add_video">
        <value>افزودن ویدیو</value>
    </key>
    <key name="page_title_browse_video">
        <value>مرور ویدیوها</value>
    </key>
    <key name="page_title_video_by">
        <value>ویدیو توسط {$user}</value>
    </key>
    <key name="pending_approval_feedback">
        <value>این ویدیو در انتظار تایید است و به زودی در دسترس قرار می‌گیرد</value>
    </key>
    <key name="per_page">
        <value>تعداد ویدیو در هر صفحه</value>
    </key>
    <key name="per_page_desc">
        <value>مرور فهرست ویدیوها</value>
    </key>
    <key name="player_size">
        <value>اندازه پخش کننده اصلی ویدیو</value>
    </key>
    <key name="privacy_action_view_video">
        <value>نمایش ویدیو من</value>
    </key>
    <key name="quota">
        <value>بیشینه تعداد ویدیوهای هر کاربر</value>
    </key>
    <key name="quotas">
        <value>بیشینه اندازه</value>
    </key>
    <key name="quota_desc">
        <value>
            این عدد به یک اندازه منطقی بزرگ نگه‌داشته شود
        </value>
    </key>
    <key name="quota_exceeded">
        <value>شما بیش از اندازه محدودیت ویدیو بارگذاری کرده‌اید : {$limit}</value>
    </key>
    <key name="remove_from_featured">
        <value>حذف از حالت ویژه</value>
    </key>
    <key name="resource_not_allowed">
        <value>منبع ویدیو مجاز نیست</value>
    </key>
    <key name="settings_updated">
        <value>تنظیمات ویدیو به‌روزرسانی شد</value>
    </key>
    <key name="size_desc">
        <value>اندازه نمایش داده شده در صفحه برای اجرا کننده ویدیو است</value>
    </key>
    <key name="status_changed">
        <value>وضعیت ویدیو تغییر کرد</value>
    </key>
    <key name="status_not_changed">
        <value>وضعیت ویدیو تغییر نکرد</value>
    </key>
    <key name="tags">
        <value>برچسب‌ها</value>
    </key>
    <key name="tags_desc">
        <value>با فشردن کلید Enter برچسب‌ها را از هم جدا کنید</value>
    </key>
    <key name="tag_search">
        <value>جستجوی برچسب</value>
    </key>
    <key name="tag_search_result">
        <value>نتایج جستجوی برچسب برای:</value>
    </key>
    <key name="tb_edit_clip">
        <value>ویرایش ویدیو</value>
    </key>
    <key name="title">
        <value>عنوان</value>
    </key>
    <key name="total_video">
        <value>مجموع ویدیوها: {$total}</value>
    </key>
    <key name="usercredits_action_add_comment">
        <value>نظرت ویدیو</value>
    </key>
    <key name="usercredits_action_add_video">
        <value>افزودن ویدیو</value>
    </key>
    <key name="video">
        <value>ویدیو</value>
    </key>
    <key name="video_add_tip">
        <value>شما فقط مجاز به بارگذاری ویدیو از طریق وب‌گاه‌های اشتراک‌گذاری ویدیو هستید.</value>
    </key>
    <key name="video_by">
        <value>ویدیو توسط</value>
    </key>
    <key name="video_info">
        <value>ویدیو</value>
    </key>
    <key name="video_list_widget">
        <value>ویدیو</value>
    </key>
    <key name="view_settings">
        <value>تنظیمات نمایش</value>
    </key>
    <key name="admin_page_heading">
        <value>تنظیمات افزونه ویدیو</value>
    </key>
    <key name="admin_page_title">
        <value>تنظیمات افزونه ویدیو</value>
    </key>
    <key name="video_sitemap">
        <value>
            ویدیو
        </value>
    </key>
    <key name="seo_meta_section">
        <value>
            ویدیو
        </value>
    </key>
    <key name="seo_meta_tagged_list_label">
        <value>
            صفحه تمامی ویدیوها
        </value>
    </key>
    <key name="meta_title_tagged_list">
        <value>
            برچسب ویدیو | {$site_name}
        </value>
    </key>
    <key name="meta_desc_tagged_list">
        <value>
            مشاهده تمامی ویدیوها در {$site_name}
        </value>
    </key>
    <key name="meta_keywords_tagged_list">
        <value></value>
    </key>
    <key name="seo_meta_view_list_label">
        <value>
            صفحه ویدیوها بر اساس نوع (آخرین‌ها، بیشترین امتیازها، بیشترین بحث‌شده‌ها)
        </value>
    </key>
    <key name="meta_title_view_list">
        <value>
            ویدیوهای {$video_list} | {$site_name}
        </value>
    </key>
    <key name="meta_desc_view_list">
        <value>
            مشاهده تمامی ویدیوهای {$video_list} در {$site_name}.
        </value>
    </key>
    <key name="meta_keywords_view_list">
        <value></value>
    </key>
    <key name="featured_list_label">
        <value>
            ویژه
        </value>
    </key>
    <key name="latest_list_label">
        <value>
            آخرین‌ها
        </value>
    </key>
    <key name="toprated_list_label">
        <value>
            بیشترین امتیازدهی‌شده‌ها
        </value>
    </key>
    <key name="tagged_list_label">
        <value>
            برچسب زده شده
        </value>
    </key>
    <key name="seo_meta_view_clip_label">
        <value>
            مشاهده صفحه ویدیو
        </value>
    </key>
    <key name="meta_title_view_clip">
        <value>
            ویدیو "{$video_title}"  توسط {$user_name} | {$site_name}
        </value>
    </key>
    <key name="meta_desc_view_clip">
        <value>
            مشاهده ویدیو "{$video_title}"  در {$site_name} توسط {$user_name}
        </value>
    </key>
    <key name="meta_keywords_view_clip">
        <value></value>
    </key>
    <key name="seo_meta_tag_list_label">
        <value>
            صفحه ویدیوهای دارای برچسب
        </value>
    </key>
    <key name="meta_title_tag_list">
        <value>
            ویدیوهای دارای برچسب "{$video_tag_name}" | {$site_name}
        </value>
    </key>
    <key name="meta_desc_tag_list">
        <value>
            مشاهده تمامی ویدیوهای دارای برچسب "{$video_tag_name}" در {$site_name}
        </value>
    </key>
    <key name="meta_keywords_tag_list">
        <value></value>
    </key>
    <key name="seo_meta_user_video_list_label">
        <value>
            صفحه ویدیو فرد
        </value>
    </key>
    <key name="meta_title_user_video_list">
        <value>
            ویدیوهای ایجاد شده توسط {$user_name}، {$user_age} | {$site_name}
        </value>
    </key>
    <key name="meta_desc_user_video_list">
        <value>
            مشاهده ویدیوهای بارگذاری شده توسط {$user_name}، {$user_age} در {$site_name}
        </value>
    </key>
    <key name="meta_keywords_user_video_list">
        <value></value>
    </key>
	<key name="latest_friends_list_label">
        <value>دوستان</value>
    </key>
	<key name="video_mobile">
        <value>ویدیو</value>
    </key>
	<key name="latest_myvideo_list_label">
        <value>ویدیوهای من - {$site_name}</value>
    </key>
</prefix>
