<?xml version="1.0" encoding="utf-8"?>
<prefix name="iisvideoplus" label="iisvideoplus" language_tag="fa-IR" language_label="فارسی">
    <key name="latest_friends">
        <value>
            آخرین ویدیوهای دوستان
        </value>
    </key>
    <key name="meta_description_video_latest_friends">
        <value>
            میتوانید آخرین ویدیوهای دوستان خود را در این صفحه مشاهده کنید.
        </value>
    </key>
    <key name="meta_title_video_add_latest_friends">
        <value>
            آخرین ویدیوهای دوستان
        </value>
    </key>
		<key name="latest_myvideo">
        <value>
             ویدیوهای من
        </value>
    </key>
	<key name="meta_title_video_add_latest_myvideo">
        <value>
            ویدیوهای من
        </value>
    </key>
	<key name="meta_description_video_latest_myvideo">
        <value>
             می‌توانید ویدیوهای خود را در این صفحه مشاهده کنید.
        </value>
    </key>
</prefix>
