<?xml version="1.0" encoding="utf-8"?>
<prefix name="iisadvancesearch" label="iisadvancesearch" language_tag="en" language_label="English">
    <key name="search_title">
        <value>
            Search
        </value>
    </key>
    <key name="no_data_found">
        <value>
            No data found.
        </value>
    </key>
    <key name="users">
        <value>
            Users
        </value>
    </key>
    <key name="minimum_two_character">
        <value>
            Please Insert Keywords to search. You have to enter at least two characters.
        </value>
    </key>
    <key name="forum_posts_title">
        <value>
            Forum Posts
        </value>
    </key>
    <key name="forum_post_title">
        <value>
            Title
        </value>
    </key>
    <key name="forum_post_group_name">
        <value>
            Group:
        </value>
    </key>
    <key name="forum_post_section_name">
        <value>
            Section:
        </value>
    </key>
</prefix>