<?xml version="1.0" encoding="utf-8"?>
<prefix name="iissecurityessentials" label="iissecurityessentials" language_tag="fa-IR" language_label="فارسی">
    <key name="idle_time_label">
        <value>
            زمان بیکار بودن کاربران (به دقیقه)
        </value>
    </key>
    <key name="settings_successfuly_saved">
        <value>
            تنظیمات با موفقیت ذخیره شد
        </value>
    </key>
	
	<key name="status_field_ownUser">
        <value>
           چه خبر؟
        </value>
    </key>
	<key name="status_field_otherUser">
        <value>
            بنویس به {$username}
        </value>
    </key>
	<key name="status_field_invintation">
        <value>
             چه خبر؟
        </value>
    </key>
    <key name="change_privacy_label">
        <value>
            حق دسترسی
        </value>
    </key>
    <key name="change_privacy_of_album_label">
        <value>
            حق دسترسی آلبوم
        </value>
    </key>
    <key name="change_privacy_description">
        <value>
            نمایش این اطلاعات به:
        </value>
    </key>
    <key name="submit">
        <value>
            ذخیره
        </value>
    </key>
    <key name="privacy_successfuly_changed">
        <value>
            حق دسترسی با موفقیت تغییر کرد.
        </value>
    </key>
    <key name="privacy_not_changed">
        <value>
            شما امکان تغییر حق دسترسی را ندارید.
        </value>
    </key>
    <key name="my_post_on_feed_newsfeed">
        <value>
            پیشفرض نوشته‌های من
        </value>
    </key>
    <key name="other_post_on_feed_newsfeed">
        <value>
            پیشفرض نوشته‌ها توسط دیگران برای من
        </value>
    </key>
    <key name="last_post_of_others_newsfeed">
        <value>
            نوشته‌های گذشته دیگران در نمایه
        </value>
    </key>
    <key name="last_post_of_myself_newsfeed">
        <value>
            نوشته‌های گذشته خودم در نمایه
        </value>
    </key>
    <key name="who_post_on_newsfeed">
        <value>
            چه کسانی بتوانند در نمایه من بنویسند
        </value>
    </key>
    <key name="show_to_everybody">
        <value>
            نمایش به همه
        </value>
    </key>
    <key name="show_to_friends">
        <value>
            نمایش به دوستان {$username}
        </value>
    </key>
    <key name="show_to_user">
        <value>
            نمایش به {$username}
        </value>
    </key>
    <key name="photo_default_privacy">
        <value>
            پیشفرض تصاویر من
        </value>
    </key>
    <key name="video_default_privacy">
        <value>
            پیشفرض ویدئوهای من
        </value>
    </key>
    <key name="view_user_comment_widget">
        <value>
            نمایش ابزارک نظر در نمایه (به دلیل مسائل حریم خصوصی توصیه می‌شود آن را فعال نکنید.)
        </value>
    </key>
    <key name="verify_later">
        <value>
            بعدا تایید خواهم کرد.
        </value>
    </key>
    <key name="verify_using_resend_email">
        <value>
            بازگشت به فرم ارسال دوباره کد فعال‌سازی
        </value>
    </key>
    <key name="verify_using_code">
        <value>
            فعال‌سازی حساب کاربری از طریق کد ارسال شده به شما
        </value>
    </key>
    <key name="last_post_of_myself_newsfeed_description">
        <value>
        با تغییر این گزینه، حق دسترسی تمامی نوشته‌های گذشته ایجاد شده توسط شما، تغییر خواهد کرد.
        </value>
    </key>
    <key name="last_post_of_others_newsfeed_description">
        <value>
            با تغییر این گزینه، حق دسترسی تمامی نوشته‌های گذشته ایجاد شده توسط یگران در نمایه شما، تغییر خواهد کرد.
        </value>
    </key>
    <key name="general_setting">
        <value>
            تنظیمات عمومی
        </value>
    </key>
    <key name="privacy_setting">
        <value>
            تنظیمات حریم خصوصی
        </value>
    </key>
    <key name="privacy_setting_description">
        <value>
            در این فرم شما می‌توانید مقادیر پیش‌فرض حق دسترسی را تعیین کنید. کاربران می‌توانند به صورت اختصاصی این مقادیر را برای خود تنظیم کنند.
        </value>
    </key>
    <key name="privacy_value_empty">
        <value>
            شما مقدار پیش‌فرض این مورد را هنوز مشخص نکرده‌اید.
        </value>
    </key>
    <key name="plugin_privacy_not_exist_description">
        <value>
            افزونه حریم خصوصی نصب نیست. به منظور مدیریت حق دسترسی‌های محتوای کاربران، شما باید افزونه حریم خصوصی را نیز نصب کنید.
        </value>
    </key>
    <key name="index_status_enabled_desc">
        <value>
            به دلایل امنیتی این گزینه غیرفعال است.
        </value>
    </key>
    <key name="admin_page_heading">
        <value>
           تنظیمات مواردامنیتی ضروری
        </value>
    </key>
    <key name="admin_page_title">
        <value>
            تنظیمات مواردامنیتی ضروری
        </value>
    </key>
</prefix>