<?xml version="1.0" encoding="utf-8"?>
<prefix name="iisadvancesearch" label="iisadvancesearch" language_tag="fa-IR" language_label="فارسی">
    <key name="search_title">
        <value>
            جستجو
        </value>
    </key>
    <key name="no_data_found">
        <value>
            موردی یافت نشد.
        </value>
    </key>
    <key name="users">
        <value>
            کاربران
        </value>
    </key>
    <key name="minimum_two_character">
        <value>
            لطفا عبارت مورد نظر خود را برای جستجو وارد کنید. حداقل دو حرف برای شروع جستجو لازم است.
        </value>
    </key>
    <key name="forum_posts_title">
        <value>
            موضوعات انجمن
        </value>
    </key>
    <key name="forum_post_title">
        <value>
            عنوان:
        </value>
    </key>
    <key name="forum_post_group_name">
        <value>
            گروه:
        </value>
    </key>
    <key name="forum_post_section_name">
        <value>
            بخش:
        </value>
    </key>
</prefix>