<?xml version="1.0" encoding="utf-8"?>
<prefix name="iisuserlogin" label="iisuserlogin" language_tag="fa-IR" language_label="فارسی">
    <key name="setting_saved">
        <value>
            تنظیمات با موفقیت ذخیره شد.
        </value>
    </key>
    <key name="numberOfLastLoginDetails">
        <value>
            تعداد جزئیات اطلاعات ورودهای کاربر برای نمایش
        </value>
    </key>
    <key name="expiredTimeOfLoginDetails">
        <value>
            میزان زمان نگهداری اطلاعات ورود کاربران (بر حسب ماه)
        </value>
    </key>
    <key name="login_details_header">
        <value>
            اطلاعات ورود
        </value>
    </key>
    <key name="login_details_ip_label">
        <value>
            آی پی
        </value>
    </key>
    <key name="login_details_time_label">
        <value>
            زمان
        </value>
    </key>
    <key name="login_details_browser_label">
        <value>
            مرورگر
        </value>
    </key>
    <key name="bottom_menu_item">
        <value>
            جزئیات ورود
        </value>
    </key>
    <key name="preference_login_detail_subscribe_label">
        <value>
            ارسال رایانامه هنگام ورود
        </value>
    </key>
    <key name="preference_login_detail_subscribe_description">
        <value>
            در هنگام ورود به شبکه اجتماعی، یک رایانامه به صورت خودکار، حاوی اطلاعات ورود برای شما ارسال خواهد شد
        </value>
    </key>
    <key name="email_login_to_network">
        <value>
            ورود به حساب کاربری
        </value>
    </key>
    <key name="email_login_details">
        <value>
            سلام {$username}، یک ورود از حساب کاربری شما با رایانامه {$email} در شبکه ثبت شد. اطلاعات مرورگر، آی‌پی و زمان ورود عبارتند از: &lt;br /&gt;
			اطلاعات مرورگر: {$browser}  &lt;br /&gt;
			آی‌پی: {$ip} &lt;br /&gt;
			زمان: {$time} &lt;br /&gt;

        </value>
    </key>
    <key name="admin_page_heading">
        <value>
            تنظیمات افزونه نمایش جزییات ورود کاربران
        </value>
    </key>
    <key name="admin_page_title">
        <value>
            تنظیمات افزونه نمایش جزییات ورود کاربران
        </value>
    </key>
</prefix>
