<?xml version="1.0" encoding="utf-8"?>
<prefix name="iismobilesupport" label="iismobilesupport" language_tag="fa-IR" language_label="فارسی">
    <key name="admin_save_settings">
        <value>
            ذخیره تنظیمات
        </value>
    </key>
    <key name="admin_settings_title">
        <value>
            تنظیمات پشتیبان از سامانه ارسال اعلان به نرم‌افزار موبایل
        </value>
    </key>
    <key name="user_save_success">
        <value>
            تنظیمات با موفقیت ذخیره شد.
        </value>
    </key>
    <key name="fcm_api_key_label">
        <value>
            کلید پروژه FCM برای ارسال اعلان
        </value>
    </key>
    <key name="fcm_api_url_label">
        <value>
            نشانی اینترنتی پروژه FCM برای ارسال اعلان
        </value>
    </key>
    <key name="constraint_user_device_label">
        <value>
            میزان تعداد برنامه‌های فعال کاربران (حداقل: 2 و حداکثر: 999)
        </value>
    </key>
    <key name="android_app_label">
        <value>
            برنامه Android
        </value>
    </key>
    <key name="ios_app_label">
        <value>
            برنامه iOS
        </value>
    </key>
</prefix>
